'Erfurt','Thüringen',1,
'Gera','Thüringen',1,
'Jena','Thüringen',1,
'Altenburg','Thüringen',3,
'Eisenach','Thüringen',3,
'Gotha','Thüringen',3,
'Mühlhausen','Thüringen',3,
'Nordhausen','Thüringen',3,
'Saalfeld','Thüringen',3,1
'Rudolstadt','Thüringen',3,1
'Bad Blankenburg','Thüringen',3,1
'Suhl','Thüringen',3,2
'Zella-Mehlis','Thüringen',3,2
'Weimar','Thüringen',3,
'Apolda','Thüringen',2,
'Arnstadt','Thüringen',2,
'Artern','Thüringen',2,
'Bad Langensalza','Thüringen',2,
'Bad Lobenstein','Thüringen',2,
'Bad Salzungen','Thüringen',2,
'Eisenberg','Thüringen',2,
'Greiz','Thüringen',2,
'Heilbad Heiligenstadt','Thüringen',2,
'Hermsdorf','Thüringen',2,3
'Bad Klosterlausnitz','Thüringen',2,3
'Hildburghausen','Thüringen',2,
'Ilmenau','Thüringen',2,
'Leinefelde-Worbis','Thüringen',2,
'Meiningen','Thüringen',2,
'Neuhaus am Rennweg','Thüringen',2,4
'Lauscha','Thüringen',2,4
'Pößneck','Thüringen',2,
'Schleiz','Thüringen',2,
'Schmalkalden','Thüringen',2,
'Schmölln','Thüringen',2,5
'Gößnitz','Thüringen',2,5
'Sömmerda','Thüringen',2,
'Sondershausen','Thüringen',2,
'Sonneberg','Thüringen',2,
'Stadtroda','Thüringen',2,
'Zeulenroda-Triebes','Thüringen',2,
'Flensburg','Schleswig-Holstein',1,
'Kiel','Schleswig-Holstein',1,
'Lübeck','Schleswig-Holstein',1,
'Neumünster','Schleswig-Holstein',1,
'Bad Oldesloe','Schleswig-Holstein',2,
'Bad Segeberg','Schleswig-Holstein',2,6
'Wahlstedt','Schleswig-Holstein',2,6
'Brunsbüttel','Schleswig-Holstein',2,
'Eckernförde','Schleswig-Holstein',2,
'Elmshorn','Schleswig-Holstein',2,
'Eutin','Schleswig-Holstein',2,
'Heide','Schleswig-Holstein',2,
'Husum','Schleswig-Holstein',2,
'Itzehoe','Schleswig-Holstein',2,
'Kaltenkirchen','Schleswig-Holstein',2,
'Mölln','Schleswig-Holstein',2,
'Rendsburg','Schleswig-Holstein',2,
'Schleswig','Schleswig-Holstein',2,
'Ahrensburg','Schleswig-Holstein',4,
'Geesthacht','Schleswig-Holstein',4,
'Norderstedt','Schleswig-Holstein',4,
'Pinneberg','Schleswig-Holstein',4,
'Wedel','Schleswig-Holstein',4,
'Dessau-Roßlau','Sachsen-Anhalt',1,
'Halle (Saale)','Sachsen-Anhalt',1,
'Magdeburg','Sachsen-Anhalt',1,
'Bitterfeld-Wolfen','Sachsen-Anhalt',3,
'Halberstadt','Sachsen-Anhalt',3,
'Merseburg','Sachsen-Anhalt',3,
'Naumburg (Saale)','Sachsen-Anhalt',3,
'Schönebeck (Elbe)','Sachsen-Anhalt',3,
'Stendal','Sachsen-Anhalt',3,
'Lutherstadt Wittenberg','Sachsen-Anhalt',3,
'Aschersleben','Sachsen-Anhalt',2,
'Bernburg (Saale)','Sachsen-Anhalt',2,
'Burg','Sachsen-Anhalt',2,
'Lutherstadt Eisleben','Sachsen-Anhalt',2,
'Haldensleben','Sachsen-Anhalt',2,
'Köthen (Anhalt)','Sachsen-Anhalt',2,
'Oschersleben','Sachsen-Anhalt',2,
'Quedlinburg','Sachsen-Anhalt',2,
'Salzwedel','Sachsen-Anhalt',2,
'Sangerhausen','Sachsen-Anhalt',2,
'Staßfurt','Sachsen-Anhalt',2,
'Weißenfels','Sachsen-Anhalt',2,
'Wernigerode','Sachsen-Anhalt',2,
'Zeitz','Sachsen-Anhalt',2,
'Zerbst/Anhalt','Sachsen-Anhalt',2,
'Chemnitz','Sachsen',1,
'Dresden','Sachsen',1,
'Leipzig','Sachsen',1,
'Plauen','Sachsen',1,
'Zwickau','Sachsen',1,
'Bautzen','Sachsen',1,7
'Görlitz','Sachsen',1,7
'Hoyerswerda','Sachsen',1,7
'Annaberg-Buchholz','Sachsen',2,
'Borna','Sachsen',2,
'Coswig','Sachsen',2,
'Crimmitschau','Sachsen',2,
'Delitzsch','Sachsen',2,
'Dippoldiswalde','Sachsen',2,
'Döbeln','Sachsen',2,
'Eilenburg','Sachsen',2,
'Freiberg','Sachsen',2,
'Freital','Sachsen',2,
'Glauchau','Sachsen',2,
'Grimma','Sachsen',2,
'Großenhain','Sachsen',2,
'Kamenz','Sachsen',2,
'Limbach-Oberfrohna','Sachsen',2,
'Löbau','Sachsen',2,
'Marienberg','Sachsen',2,
'Markkleeberg','Sachsen',2,
'Meißen','Sachsen',2,
'Mittweida','Sachsen',2,
'Niesky','Sachsen',2,
'Oelsnitz/Vogtl.','Sachsen',2,
'Oschatz','Sachsen',2,
'Pirna','Sachsen',2,
'Radeberg','Sachsen',2,
'Radebeul','Sachsen',2,
'Reichenbach im Vogtland','Sachsen',2,
'Riesa','Sachsen',2,
'Schkeuditz','Sachsen',2,
'Stollberg/Erzgeb.','Sachsen',2,
'Torgau','Sachsen',2,
'Weißwasser/Oberlausitz','Sachsen',2,
'Werdau','Sachsen',2,
'Wurzen','Sachsen',2,
'Zittau','Sachsen',2,
'Auerbach/Vogtl.','Sachsen',2,8
'Ellefeld','Sachsen',2,8
'Falkenstein/Vogtl.','Sachsen',2,8
'Rodewisch','Sachsen',2,8
'Hohenstein-Ernstthal','Sachsen',2,9
'Lichtenstein','Sachsen',2,9
'Oberlungwitz','Sachsen',2,9
'Aue','Sachsen',2,10
'Lauter/Sa.','Sachsen',2,10
'Lößnitz','Sachsen',2,10
'Bad Schlema','Sachsen',2,10
'Schneeberg','Sachsen',2,10
'Schwarzenberg','Sachsen',2,10
'Saarbrücken','Saarland',1,
'Blieskastel','Saarland',2,
'Dillingen','Saarland',2,
'Homburg','Saarland',2,
'Lebach','Saarland',2,
'Merzig','Saarland',2,
'Neunkirchen','Saarland',2,
'Saarlouis','Saarland',2,
'St. Ingbert','Saarland',2,
'St. Wendel','Saarland',2,
'Völklingen','Saarland',2,
'Wadern','Saarland',2,
'Kaiserslautern','Rheinland-Pfalz',1,
'Koblenz','Rheinland-Pfalz',1,
'Ludwigshafen am Rhein','Rheinland-Pfalz',1,
'Mainz','Rheinland-Pfalz',1,
'Trier','Rheinland-Pfalz',1,
'Landau','Rheinland-Pfalz',3,
'Speyer','Rheinland-Pfalz',3,
'Worms','Rheinland-Pfalz',3,
'Zweibrücken','Rheinland-Pfalz',3,11
'Homburg','Rheinland-Pfalz',3,11
'Altenkirchen (Westerwald)','Rheinland-Pfalz',2,
'Alzey','Rheinland-Pfalz',2,
'Andernach','Rheinland-Pfalz',2,
'Bad Bergzabern','Rheinland-Pfalz',2,
'Bad Dürkheim','Rheinland-Pfalz',2,
'Bad Ems','Rheinland-Pfalz',2,
'Bad Kreuznach','Rheinland-Pfalz',2,
'Bingen am Rhein','Rheinland-Pfalz',2,
'Boppard','Rheinland-Pfalz',2,
'Dahn','Rheinland-Pfalz',2,
'Daun','Rheinland-Pfalz',2,
'Diez','Rheinland-Pfalz',2,
'Frankenthal (Pfalz)','Rheinland-Pfalz',2,
'Germersheim','Rheinland-Pfalz',2,
'Gerolstein','Rheinland-Pfalz',2,
'Grünstadt','Rheinland-Pfalz',2,
'Hermeskeil','Rheinland-Pfalz',2,
'Ingelheim am Rhein','Rheinland-Pfalz',2,
'Linz am Rhein','Rheinland-Pfalz',2,
'Mayen','Rheinland-Pfalz',2,
'Pirmasens','Rheinland-Pfalz',2,
'Prüm','Rheinland-Pfalz',2,
'Saarburg','Rheinland-Pfalz',2,
'Wittlich','Rheinland-Pfalz',2,
'Adenau','Rheinland-Pfalz',5,12
'Bad Neuenahr-Ahrweiler','Rheinland-Pfalz',5,12
'Remagen','Rheinland-Pfalz',5,12
'Sinzig','Rheinland-Pfalz',5,12
'Annweiler am Trifels',5,13
'Edenkoben','Rheinland-Pfalz',5,13
'Herxheim bei Landau/Pfalz','Rheinland-Pfalz',5,13
'Landau in der Pfalz','Rheinland-Pfalz',5,13
'Bad Sobernheim','Rheinland-Pfalz',5,14
'Kirn','Rheinland-Pfalz',5,14
'Meisenheim','Rheinland-Pfalz',5,14
'Baumholder','Rheinland-Pfalz',5,15
'Birkenfeld','Rheinland-Pfalz',5,15
'Idar-Oberstein','Rheinland-Pfalz',5,15
'Bendorf','Rheinland-Pfalz',5,16
'Höhr-Grenzhausen','Rheinland-Pfalz',5,16
'Koblenz','Rheinland-Pfalz',5,16
'Lahnstein','Rheinland-Pfalz',5,16
'Vallendar','Rheinland-Pfalz',5,16
'Bernkastel-Kues','Rheinland-Pfalz',5,17
'Traben-Trarbach','Rheinland-Pfalz',5,17
'Betzdorf','Rheinland-Pfalz',5,18
'Kirchen','Rheinland-Pfalz',5,18
'Wissen','Rheinland-Pfalz',5,18
'Bitburg','Rheinland-Pfalz',5,19
'Neuerburg','Rheinland-Pfalz',5,19
'Cochem','Rheinland-Pfalz',5,20
'Zell','Rheinland-Pfalz',5,20
'Dernbach','Rheinland-Pfalz',5,21
'Montabaur','Rheinland-Pfalz',5,21
'Wirges','Rheinland-Pfalz',5,21
'Dierdorf','Rheinland-Pfalz',5,22
'Neuwied','Rheinland-Pfalz',5,22
'Eisenberg','Rheinland-Pfalz',5,23
'Kirchheimbolanden','Rheinland-Pfalz',5,23
'Rockenhausen','Rheinland-Pfalz',5,23
'Hachenburg','Rheinland-Pfalz',5,24
'Westerburg','Rheinland-Pfalz',5,24
'Haßloch','Rheinland-Pfalz',5,25
'Neustadt an der Weinstraße','Rheinland-Pfalz',5,25
'Kandel','Rheinland-Pfalz',5,26
'Wörth am Rhein','Rheinland-Pfalz',5,26
'Kastellaun','Rheinland-Pfalz',5,27
'Simmern','Rheinland-Pfalz',5,27
'Kirchberg','Rheinland-Pfalz',5,27
'Konz','Rheinland-Pfalz',5,28
'Trier','Rheinland-Pfalz',5,28
'Kusel','Rheinland-Pfalz',5,29
'Lauterecken','Rheinland-Pfalz',5,29
'Landstuhl','Rheinland-Pfalz',5,30
'Ramstein-Miesenbach','Rheinland-Pfalz',5,30
'Ludwigshafen am Rhein','Rheinland-Pfalz',5,31
'Schifferstadt','Rheinland-Pfalz',5,31
'Mainz','Rheinland-Pfalz',5,32
'Nieder-Olm','Rheinland-Pfalz',5,32
'Nierstein','Rheinland-Pfalz',5,32
'Oppenheim','Rheinland-Pfalz',5,32
'Nastätten','Rheinland-Pfalz',5,33
'St.Goar','Rheinland-Pfalz',5,33
'St.Goarshausen','Rheinland-Pfalz',5,33
'Aachen','Nordrhein-Westfalen',1,
'Bielefeld','Nordrhein-Westfalen',1,
'Bonn','Nordrhein-Westfalen',1,
'Bochum','Nordrhein-Westfalen',1,
'Dortmund','Nordrhein-Westfalen',1,
'Duisburg','Nordrhein-Westfalen',1,
'Düsseldorf','Nordrhein-Westfalen',1,
'Essen','Nordrhein-Westfalen',1,
'Hagen','Nordrhein-Westfalen',1,
'Köln','Nordrhein-Westfalen',1,
'Krefeld','Nordrhein-Westfalen',1,
'Mönchengladbach','Nordrhein-Westfalen',1,
'Münster','Nordrhein-Westfalen',1,
'Paderborn','Nordrhein-Westfalen',1,
'Siegen','Nordrhein-Westfalen',1,
'Wuppertal','Nordrhein-Westfalen',1,
'Bottrop','Nordrhein-Westfalen',2,
'Gelsenkirchen','Nordrhein-Westfalen',2,
'Hamm','Nordrhein-Westfalen',2,
'Herne','Nordrhein-Westfalen',2,
'Leverkusen','Nordrhein-Westfalen',2,
'Mülheim an der Ruhr','Nordrhein-Westfalen',2,
'Oberhausen','Nordrhein-Westfalen',2,
'Remscheid','Nordrhein-Westfalen',2,
'Solingen','Nordrhein-Westfalen',2,
'Ennepetal','Nordrhein-Westfalen',6,
'Gevelsberg','Nordrhein-Westfalen',6,
'Hattingen','Nordrhein-Westfalen',6,
'Herdecke','Nordrhein-Westfalen',6,
'Schwelm','Nordrhein-Westfalen',6,
'Sprockhövel','Nordrhein-Westfalen',6,
'Wetter (Ruhr)','Nordrhein-Westfalen',6,
'Witten','Nordrhein-Westfalen',6,
'Arnsberg','Nordrhein-Westfalen',6,
'Brilon','Nordrhein-Westfalen',6,
'Marsberg','Nordrhein-Westfalen',6,
'Schmallenberg','Nordrhein-Westfalen',6,
'Sundern','Nordrhein-Westfalen',6,
'Winterberg','Nordrhein-Westfalen',6,
'Meschede','Nordrhein-Westfalen',6,
'Altena','Nordrhein-Westfalen',6,
'Hemer','Nordrhein-Westfalen',6,
'Iserlohn','Nordrhein-Westfalen',6,
'Lüdenscheid','Nordrhein-Westfalen',6,
'Meinerzhagen','Nordrhein-Westfalen',6,
'Menden (Sauerland)','Nordrhein-Westfalen',6,
'Plettenberg','Nordrhein-Westfalen',6,
'Werdohl','Nordrhein-Westfalen',6,
'Attendorn','Nordrhein-Westfalen',6,
'Lennestadt','Nordrhein-Westfalen',6,
'Olpe','Nordrhein-Westfalen',6,
'Bad Berleburg','Nordrhein-Westfalen',6,
'Bad Laasphe','Nordrhein-Westfalen',6,
'Kreuztal','Nordrhein-Westfalen',6,
'Neunkirchen','Nordrhein-Westfalen',6,
'Geseke','Nordrhein-Westfalen',6,
'Lippstadt','Nordrhein-Westfalen',6,
'Soest','Nordrhein-Westfalen',6,
'Warstein','Nordrhein-Westfalen',6,
'Werl','Nordrhein-Westfalen',6,
'Bergkamen','Nordrhein-Westfalen',6,
'Kamen','Nordrhein-Westfalen',6,
'Lünen','Nordrhein-Westfalen',6,
'Schwerte','Nordrhein-Westfalen',6,
'Selm','Nordrhein-Westfalen',6,
'Unna','Nordrhein-Westfalen',6,
'Werne','Nordrhein-Westfalen',6,
'Gütersloh','Nordrhein-Westfalen',6,
'Halle (Westf.)','Nordrhein-Westfalen',6,
'Rheda-Wiedenbrück','Nordrhein-Westfalen',6,
'Rietberg','Nordrhein-Westfalen',6,
'Bünde','Nordrhein-Westfalen',6,
'Herford','Nordrhein-Westfalen',6,
'Löhne','Nordrhein-Westfalen',6,
'Vlotho','Nordrhein-Westfalen',6,
'Bad Driburg','Nordrhein-Westfalen',6,
'Beverungen','Nordrhein-Westfalen',6,
'Brakel','Nordrhein-Westfalen',6,
'Höxter','Nordrhein-Westfalen',6,
'Steinheim','Nordrhein-Westfalen',6,
'Warburg','Nordrhein-Westfalen',6,
'Bad Salzuflen','Nordrhein-Westfalen',6,
'Barntrup','Nordrhein-Westfalen',6,
'Blomberg','Nordrhein-Westfalen',6,
'Detmold','Nordrhein-Westfalen',6,
'Horn-Bad Meinberg','Nordrhein-Westfalen',6,
'Lage','Nordrhein-Westfalen',6,
'Lemgo','Nordrhein-Westfalen',6,
'Bad Oeynhausen','Nordrhein-Westfalen',6,
'Espelkamp','Nordrhein-Westfalen',6,
'Lübbecke','Nordrhein-Westfalen',6,
'Minden','Nordrhein-Westfalen',6,
'Petershagen','Nordrhein-Westfalen',6,
'Porta Westfalica','Nordrhein-Westfalen',6,
'Büren','Nordrhein-Westfalen',6,
'Delbrück','Nordrhein-Westfalen',6,
'Emmerich','Nordrhein-Westfalen',6,
'Geldern','Nordrhein-Westfalen',6,
'Goch','Nordrhein-Westfalen',6,
'Kevelaer','Nordrhein-Westfalen',6,
'Kleve','Nordrhein-Westfalen',6,
'Erkrath','Nordrhein-Westfalen',6,
'Haan','Nordrhein-Westfalen',6,
'Heiligenhaus','Nordrhein-Westfalen',6,
'Hilden','Nordrhein-Westfalen',6,
'Langenfeld (Rheinlan','Nordrhein-Westfalen',6,d)
'Mettmann','Nordrhein-Westfalen',6,
'Monheim','Nordrhein-Westfalen',6,
'Ratingen','Nordrhein-Westfalen',6,
'Velbert','Nordrhein-Westfalen',6,
'Wülfrath','Nordrhein-Westfalen',6,
'Dormagen','Nordrhein-Westfalen',6,
'Grevenbroich','Nordrhein-Westfalen',6,
'Kaarst','Nordrhein-Westfalen',6,
'Korschenbroich','Nordrhein-Westfalen',6,
'Meerbusch','Nordrhein-Westfalen',6,
'Neuss','Nordrhein-Westfalen',6,
'Kempen','Nordrhein-Westfalen',6,
'Nettetal','Nordrhein-Westfalen',6,
'Schwalmtal','Nordrhein-Westfalen',6,
'Tönisvorst','Nordrhein-Westfalen',6,
'Viersen','Nordrhein-Westfalen',6,
'Willich','Nordrhein-Westfalen',6,
'Dinslaken','Nordrhein-Westfalen',6,
'Hamminkeln','Nordrhein-Westfalen',6,
'Kamp-Lintfort','Nordrhein-Westfalen',6,
'Moers','Nordrhein-Westfalen',6,
'Neukirchen-Vluyn','Nordrhein-Westfalen',6,
'Rheinberg','Nordrhein-Westfalen',6,
'Voerde','Nordrhein-Westfalen',6,
'Wesel','Nordrhein-Westfalen',6,
'Xanten','Nordrhein-Westfalen',6,
'Alsdorf','Nordrhein-Westfalen',6,
'Baesweiler','Nordrhein-Westfalen',6,
'Eschweiler','Nordrhein-Westfalen',6,
'Herzogenrath','Nordrhein-Westfalen',6,
'Monschau','Nordrhein-Westfalen',6,
'Stolberg (Rheinland)','Nordrhein-Westfalen',6,
'Würselen','Nordrhein-Westfalen',6,
'Düren','Nordrhein-Westfalen',6,
'Jülich','Nordrhein-Westfalen',6,
'Euskirchen','Nordrhein-Westfalen',6,
'Mechernich','Nordrhein-Westfalen',6,
'Schleiden','Nordrhein-Westfalen',6,
'Erkelenz','Nordrhein-Westfalen',6,
'Geilenkirchen','Nordrhein-Westfalen',6,
'Heinsberg','Nordrhein-Westfalen',6,
'Hückelhoven','Nordrhein-Westfalen',6,
'Übach-Palenberg','Nordrhein-Westfalen',6,
'Wegberg','Nordrhein-Westfalen',6,
'Engelskirchen','Nordrhein-Westfalen',6,
'Gummersbach','Nordrhein-Westfalen',6,
'Radevormwald','Nordrhein-Westfalen',6,
'Waldbröl','Nordrhein-Westfalen',6,
'Wipperfürth','Nordrhein-Westfalen',6,
'Bedburg','Nordrhein-Westfalen',6,
'Bergheim','Nordrhein-Westfalen',6,
'Brühl','Nordrhein-Westfalen',6,
'Erftstadt','Nordrhein-Westfalen',6,
'Frechen','Nordrhein-Westfalen',6,
'Hürth','Nordrhein-Westfalen',6,
'Kerpen','Nordrhein-Westfalen',6,
'Pulheim','Nordrhein-Westfalen',6,
'Wesseling','Nordrhein-Westfalen',6,
'Bergisch Gladbach','Nordrhein-Westfalen',6,
'Leichlingen','Nordrhein-Westfalen',6,
'Wermelskirchen','Nordrhein-Westfalen',6,
'Bad Honnef','Nordrhein-Westfalen',6,
'Bornheim','Nordrhein-Westfalen',6,
'Eitorf','Nordrhein-Westfalen',6,
'Hennef','Nordrhein-Westfalen',6,
'Königswinter','Nordrhein-Westfalen',6,
'Lohmar','Nordrhein-Westfalen',6,
'Niederkassel','Nordrhein-Westfalen',6,
'Rheinbach','Nordrhein-Westfalen',6,
'Sankt Augustin','Nordrhein-Westfalen',6,
'Siegburg','Nordrhein-Westfalen',6,
'Troisdorf','Nordrhein-Westfalen',6,
'Ahaus','Nordrhein-Westfalen',6,
'Bocholt','Nordrhein-Westfalen',6,
'Borken','Nordrhein-Westfalen',6,
'Gronau (Westf.)','Nordrhein-Westfalen',6,
'Stadtlohn','Nordrhein-Westfalen',6,
'Vreden','Nordrhein-Westfalen',6,
'Coesfeld','Nordrhein-Westfalen',6,
'Dülmen','Nordrhein-Westfalen',6,
'Lüdinghausen','Nordrhein-Westfalen',6,
'Castrop-Rauxel','Nordrhein-Westfalen',6,
'Datteln','Nordrhein-Westfalen',6,
'Dorsten','Nordrhein-Westfalen',6,
'Gladbeck','Nordrhein-Westfalen',6,
'Haltern','Nordrhein-Westfalen',6,
'Herten','Nordrhein-Westfalen',6,
'Marl','Nordrhein-Westfalen',6,
'Oer-Erkenschwick','Nordrhein-Westfalen',6,
'Recklinghausen','Nordrhein-Westfalen',6,
'Waltrop','Nordrhein-Westfalen',6,
'Emsdetten','Nordrhein-Westfalen',6,
'Greven','Nordrhein-Westfalen',6,
'Ibbenbüren','Nordrhein-Westfalen',6,
'Lengerich','Nordrhein-Westfalen',6,
'Ochtrup','Nordrhein-Westfalen',6,
'Rheine','Nordrhein-Westfalen',6,
'Steinfurt','Nordrhein-Westfalen',6,
'Ahlen','Nordrhein-Westfalen',6,
'Beckum','Nordrhein-Westfalen',6,
'Oelde','Nordrhein-Westfalen',6,
'Warendorf','Nordrhein-Westfalen',6,'
'Braunschweig','Niedersachsen',1,
'Celle','Niedersachsen',1,
'Göttingen','Niedersachsen',1,
'Hannover','Niedersachsen',1,
'Hildesheim','Niedersachsen',1,
'Lüneburg','Niedersachsen',1,
'Oldenburg','Niedersachsen',1,
'Osnabrück','Niedersachsen',1,
'Salzgitter','Niedersachsen',1,
'Wilhelmshaven','Niedersachsen',1,
'Wolfsburg','Niedersachsen',1,
'Emden','Niedersachsen',3,
'Lingen (Ems)','Niedersachsen',3,
'Nordhorn','Niedersachsen',3,
'Delmenhorst','Niedersachsen',3,
'Hameln','Niedersachsen',3,
'Langenhagen','Niedersachsen',3,
'Bad Zwischenahn','Niedersachsen',2,
'Rastede','Niedersachsen',2,
'Westerstede','Niedersachsen',2,
'Aurich','Niedersachsen',2,
'Norden','Niedersachsen',2,
'Cloppenburg','Niedersachsen',2,
'Friesoythe','Niedersachsen',2,
'Cuxhaven','Niedersachsen',2,
'Hemmoor','Niedersachsen',2,
'Diepholz','Niedersachsen',2,
'Stuhr','Niedersachsen',2,
'Sulingen','Niedersachsen',2,
'Syke','Niedersachsen',2,
'Meppen','Niedersachsen',2,
'Papenburg','Niedersachsen',2,
'Jever','Niedersachsen',2,
'Varel','Niedersachsen',2,
'Gifhorn','Niedersachsen',2,
'Wittingen','Niedersachsen',2,
'Bad Harzburg','Niedersachsen',2,
'Clausthal-Zellerfeld','Niedersachsen',2,
'Goslar','Niedersachsen',2,
'Seesen','Niedersachsen',2,
'Duderstadt','Niedersachsen',2,
'Hann. Münden','Niedersachsen',2,
'Bad Pyrmont','Niedersachsen',2,
'Barsinghausen','Niedersachsen',2,
'Burgdorf','Niedersachsen',2,
'Garbsen','Niedersachsen',2,
'Großburgwedel','Niedersachsen',2,
'Laatzen','Niedersachsen',2,
'Lehrte','Niedersachsen',2,
'Neustadt am Rübenberge','Niedersachsen',2,
'Springe','Niedersachsen',2,
'Wunstorf','Niedersachsen',2,
'Buchholz in der Nordheide','Niedersachsen',2,
'Seevetal','Niedersachsen',2,
'Winsen (Luhe)','Niedersachsen',2,
'Munster','Niedersachsen',2,
'Soltau','Niedersachsen',2,
'Walsrode','Niedersachsen',2,
'Helmstedt','Niedersachsen',2,
'Alfeld (Leine)','Niedersachsen',2,
'Sarstedt','Niedersachsen',2,
'Holzminden','Niedersachsen',2,
'Leer','Niedersachsen',2,
'Lüchow (Wendland)','Niedersachsen',2,
'Nienburg/Weser','Niedersachsen',2,
'Bad Gandersheim','Niedersachsen',2,
'Einbeck','Niedersachsen',2,
'Northeim','Niedersachsen',2,
'Uslar','Niedersachsen',2,
'Wildeshausen','Niedersachsen',2,
'Bramsche','Niedersachsen',2,
'Georgsmarienhütte','Niedersachsen',2,
'Melle','Niedersachsen',2,
'Quakenbrück','Niedersachsen',2,
'Osterholz-Scharmbeck','Niedersachsen',2,
'Osterode am Harz','Niedersachsen',2,
'Peine','Niedersachsen',2,
'Bremervörde','Niedersachsen',2,
'Rotenburg (Wümme)','Niedersachsen',2,
'Zeven','Niedersachsen',2,
'Bad Nenndorf','Niedersachsen',2,
'Bückeburg','Niedersachsen',2,
'Rinteln','Niedersachsen',2,
'Stadthagen','Niedersachsen',2,
'Buxtehude','Niedersachsen',2,
'Stade','Niedersachsen',2,
'Uelzen','Niedersachsen',2,
'Lohne (Oldenburg)','Niedersachsen',2,
'Vechta','Niedersachsen',2,
'Achim','Niedersachsen',2,
'Verden (Aller)','Niedersachsen',2,
'Brake (Unterweser)','Niedersachsen',2,
'Nordenham','Niedersachsen',2,
'Wittmund','Niedersachsen',2,
'Wolfenbüttel','Niedersachsen',2,
'Neubrandenburg','Mecklenburg-Vorpommern',1,
'Rostock','Mecklenburg-Vorpommern',1,
'Schwerin','Mecklenburg-Vorpommern',1,
'Stralsund','Mecklenburg-Vorpommern',1,34
'Greifswald','Mecklenburg-Vorpommern',1,34
'Anklam','Mecklenburg-Vorpommern',2,
'Bad Doberan','Mecklenburg-Vorpommern',2,
'Bergen auf Rügen','Mecklenburg-Vorpommern',2,
'Demmin','Mecklenburg-Vorpommern',2,
'Grevesmühlen','Mecklenburg-Vorpommern',2,
'Grimmen','Mecklenburg-Vorpommern',2,
'Güstrow','Mecklenburg-Vorpommern',2,
'Hagenow','Mecklenburg-Vorpommern',2,
'Ludwigslust','Mecklenburg-Vorpommern',2,
'Neustrelitz','Mecklenburg-Vorpommern',2,
'Parchim','Mecklenburg-Vorpommern',2,
'Pasewalk','Mecklenburg-Vorpommern',2,
'Ribnitz-Damgarten','Mecklenburg-Vorpommern',2,
'Teterow','Mecklenburg-Vorpommern',2,
'Ueckermünde','Mecklenburg-Vorpommern',2,
'Waren (Müritz)','Mecklenburg-Vorpommern',2,
'Wismar','Mecklenburg-Vorpommern',2,
'Wolgast','Mecklenburg-Vorpommern',2,
'Darmstadt','Hessen',1,
'Frankfurt am Main','Hessen',1,
'Fulda','Hessen',1,
'Gießen','Hessen',1,
'Hanau','Hessen',1,
'Kassel','Hessen',1,
'Marburg','Hessen',1,
'Offenbach am Main','Hessen',1,
'Wetzlar','Hessen',1,
'Wiesbaden','Hessen',1,
'Bad Hersfeld','Hessen',3,
'Friedberg (Hessen)','Hessen',3,35
'Bad Nauheim','Hessen',3,35
'Limburg an der Lahn','Hessen',3,
'Rüsselsheim am Main','Hessen',3,
'Allendorf (Eder)','Hessen',2,36
'Battenberg (Eder)','Hessen',2,36
'Alsfeld','Hessen',2,
'Bad Arolsen','Hessen',2,
'Bad Homburg vor der Höhe','Hessen',2,
'Bad Orb','Hessen',2,
'Bad Schwalbach','Hessen',2,
'Bad Soden am Taunus','Hessen',2,
'Bad Soden-Salmünster','Hessen',2,
'Bad Vilbel','Hessen',2,
'Bad Wildungen','Hessen',2,
'Baunatal','Hessen',2,
'Bebra','Hessen',2,
'Bensheim','Hessen',2,
'Biedenkopf','Hessen',2,
'Borken (Hessen)','Hessen',2,
'Bruchköbel','Hessen',2,
'Büdingen','Hessen',2,
'Bürstadt','Hessen',2,
'Butzbach','Hessen',2,
'Dieburg','Hessen',2,
'Dietzenbach','Hessen',2,
'Dillenburg','Hessen',2,
'Dreieich','Hessen',2,
'Eltville am Rhein','Hessen',2,
'Erbach','Hessen',2,
'Eschborn','Hessen',2,
'Eschwege','Hessen',2,
'Flörsheim am Main','Hessen',2,
'Frankenberg (Eder)','Hessen',2,
'Friedrichsdorf','Hessen',2,
'Fritzlar','Hessen',2,
'Geisenheim','Hessen',2,
'Gelnhausen','Hessen',2,
'Gladenbach','Hessen',2,
'Griesheim','Hessen',2,
'Groß-Gerau','Hessen',2,
'Groß-Umstadt','Hessen',2,
'Grünberg','Hessen',2,
'Haiger','Hessen',2,
'Hattersheim am Main','Hessen',2,
'Heppenheim (Bergstraße)','Hessen',2,
'Herborn','Hessen',2,
'Heringen (Werra)','Hessen',2,
'Hessisch Lichtenau','Hessen',2,
'Heusenstamm','Hessen',2,
'Hochheim am Main','Hessen',2,
'Hofgeismar','Hessen',2,
'Hofheim am Taunus','Hessen',2,
'Homberg (Efze)','Hessen',2,
'Hünfeld','Hessen',2,
'Hungen','Hessen',2,37
'Lich','Hessen',2,37
'Idstein','Hessen',2,
'Kelkheim (Taunus)','Hessen',2,
'Kirchhain','Hessen',2,
'Königstein im Taunus','Hessen',2,
'Korbach','Hessen',2,
'Kronberg im Taunus','Hessen',2,
'Lampertheim','Hessen',2,
'Langen (Hessen)','Hessen',2,
'Laubach','Hessen',2,
'Lauterbach','Hessen',2,
'Lorsch','Hessen',2,
'Maintal','Hessen',2,
'Melsungen','Hessen',2,
'Michelstadt','Hessen',2,
'Mörfelden-Walldorf','Hessen',2,
'Mühlheim am Main','Hessen',2,
'Neu-Isenburg','Hessen',2,
'Nidda','Hessen',2,
'Obertshausen','Hessen',2,
'Oberursel (Taunus)','Hessen',2,
'Pfungstadt','Hessen',2,
'Rödermark','Hessen',2,
'Rodgau','Hessen',2,
'Rotenburg an der Fulda','Hessen',2,
'Rüdesheim am Rhein','Hessen',2,
'Schlüchtern','Hessen',2,
'Schwalbach am Taunus','Hessen',2,
'Schwalmstadt','Hessen',2,
'Seligenstadt','Hessen',2,
'Sontra','Hessen',2,
'Stadtallendorf','Hessen',2,
'Taunusstein','Hessen',2,
'Usingen','Hessen',2,
'Vellmar','Hessen',2,
'Viernheim','Hessen',2,
'Wächtersbach','Hessen',2,
'Weilburg','Hessen',2,
'Weiterstadt','Hessen',2,
'Witzenhausen','Hessen',2,
'Wolfhagen','Hessen',2,
'Brandenburg an der Havel','Brandenburg',1,
'Cottbus','Brandenburg',1,
'Frankfurt (Oder)','Brandenburg',1,
'Potsdam','Brandenburg',1,
'Bad Belzig','Brandenburg',2,
'Bad Freienwalde (Oder)','Brandenburg',2,
'Beeskow','Brandenburg',2,
'Bernau bei Berlin','Brandenburg',2,
'Eberswalde','Brandenburg',2,
'Eisenhüttenstadt','Brandenburg',2,
'Erkner','Brandenburg',2,
'Falkensee','Brandenburg',2,
'Finsterwalde','Brandenburg',2,
'Forst (Lausitz)','Brandenburg',2,
'Fürstenwalde/Spree','Brandenburg',2,
'Guben','Brandenburg',2,
'Hennigsdorf','Brandenburg',2,
'Herzberg (Elster)','Brandenburg',2,
'Jüterbog','Brandenburg',2,
'Königs Wusterhausen','Brandenburg',2,
'Kyritz','Brandenburg',2,
'Lübben (Spreewald)','Brandenburg',2,
'Lübbenau/Spreewald','Brandenburg',2,
'Luckenwalde','Brandenburg',2,
'Ludwigsfelde','Brandenburg',2,
'Nauen','Brandenburg',2,
'Neuenhagen bei Berlin','Brandenburg',2,
'Neuruppin','Brandenburg',2,
'Oranienburg','Brandenburg',2,
'Prenzlau','Brandenburg',2,
'Rathenow','Brandenburg',2,
'Schwedt/Oder','Brandenburg',2,
'Seelow','Brandenburg',2,
'Spremberg','Brandenburg',2,
'Strausberg','Brandenburg',2,
'Teltow','Brandenburg',2,
'Templin','Brandenburg',2,
'Zossen','Brandenburg',2,
'Amberg','Bayern',1,
'Ansbach','Bayern',1,
'Aschaffenburg','Bayern',1,
'Augsburg','Bayern',1,
'Bamberg','Bayern',1,
'Bayreuth','Bayern',1,
'Coburg','Bayern',1,
'Deggendorf','Bayern',1,38
'Plattling','Bayern',1,38
'Hof','Bayern',1,
'Ingolstadt','Bayern',1,
'Kaufbeuren','Bayern',1,
'Kempten (Allgäu)','Bayern',1,
'Landshut','Bayern',1,
'Memmingen','Bayern',1,
'München','Bayern',1,
'Neu-Ulm','Bayern',1,39
'Ulm','Bayern',1,39
'Neumarkt in der Oberpfalz','Bayern',1,
'Nürnberg','Bayern',1,40
'Fürth','Bayern',1,40
'Erlangen','Bayern',1,40
'Passau','Bayern',1,
'Regensburg','Bayern',1,
'Rosenheim','Bayern',1,
'Schweinfurt','Bayern',1,
'Straubing','Bayern',1,
'Traunstein','Bayern',1,
'Weiden in der Oberpfalz
'Würzburg','Bayern',1,
'Freising','Bayern',3,
'Garmisch-Partenkirchen','Bayern',3,
'Kulmbach','Bayern',3,
'Marktredwitz','Bayern',3,41
'Wunsiedel','Bayern',3,41
'Schwabach','Bayern',3,
'
'Abensberg','Bayern',2,42
'Neustadt an der Donau','Bayern',2,42
'Aichach','Bayern',2,
'Altötting','Bayern',2,43
'Neuötting','Bayern',2,43
'Alzenau','Bayern',2,
'Bad Aibling','Bayern',2,
'Bad Brückenau','Bayern',2,
'Bad Kissingen','Bayern',2,
'Bad Kötzting','Bayern',2,
'Bad Neustadt an der Saale','Bayern',2,
'Bad Reichenhall','Bayern',2,
'Bad Tölz','Bayern',2,
'Bad Windsheim','Bayern',2,
'Bad Wörishofen','Bayern',2,
'Berchtesgaden','Bayern',2,
'Bogen','Bayern',2,
'Burghausen','Bayern',2,
'Burglengenfeld','Bayern',2,44
'Maxhütte-Haidhof','Bayern',2,44
'Teublitz','Bayern',2,44
'Cham (Oberpfalz)','Bayern',2,
'Dachau','Bayern',2,
'Dillingen an der Donau','Bayern',2,45
'Lauingen (Donau)','Bayern',2,45
'Dingolfing','Bayern',2,
'Dinkelsbühl','Bayern',2,
'Donauwörth','Bayern',2,
'Ebersberg','Bayern',2,46
'Grafing bei München','Bayern',2,46
'Eggenfelden','Bayern',2,
'Eichstätt','Bayern',2,
'Erding','Bayern',2,
'Forchheim','Bayern',2,
'Freilassing','Bayern',2,
'Freyung','Bayern',2,
'Friedberg','Bayern',2,
'Fürstenfeldbruck','Bayern',2,
'Furth im Wald','Bayern',2,47
'Domažlice','Bayern',2,47
'Füssen','Bayern',2,
'Germering','Bayern',2,
'Gerolzhofen','Bayern',2,
'Grafenau','Bayern',2,
'Günzburg','Bayern',2,48
'Leipheim','Bayern',2,48
'Gunzenhausen','Bayern',2,
'Hammelburg','Bayern',2,
'Haßfurt','Bayern',2,
'Hersbruck','Bayern',2,
'Herzogenaurach','Bayern',2,
'Höchstadt a. d. Aisch','Bayern',2,
'Illertissen','Bayern',2,
'Karlstadt','Bayern',2,
'Kelheim','Bayern',2,
'Kitzingen','Bayern',2,
'Kronach','Bayern',2,
'Krumbach (Schwaben)','Bayern',2,
'Landau an der Isar','Bayern',2,
'Landsberg','Bayern',2,
'Lauf an der Pegnitz','Bayern',2,
'Lichtenfels','Bayern',2,
'Lindau (Bodensee)','Bayern',2,
'Lindenberg im Allgäu','Bayern',2,
'Lohr am Main','Bayern',2,
'Mainburg','Bayern',2,
'Marktheidenfeld','Bayern',2,
'Marktoberdorf','Bayern',2,
'Miesbach','Bayern',2,49
'Hausham','Bayern',2,49
'Miltenberg','Bayern',2,
'Mindelheim','Bayern',2,
'Moosburg','Bayern',2,
'Mühldorf am Inn','Bayern',2,
'Münchberg','Bayern',2,
'Murnau am Staffelsee','Bayern',2,
'Naila','Bayern',2,
'Neuburg an der Donau','Bayern',2,
'Neustadt an der Aisch','Bayern',2,
'Neustadt bei Coburg','Bayern',2,
'Neutraubling','Bayern',2,
'Nördlingen','Bayern',2,
'Obernburg am Main','Bayern',2,50
'Elsenfeld','Bayern',2,50
'Erlenbach am Main','Bayern',2,50
'Oberstdorf','Bayern',2,
'Ochsenfurt','Bayern',2,
'Parsberg','Bayern',2,
'Pegnitz','Bayern',2,
'Penzberg','Bayern',2,
'Pfaffenhofen an der Ilm','Bayern',2,
'Pfarrkirchen','Bayern',2,
'Pocking','Bayern',2,51
'Ruhstorf an der Rott','Bayern',2,51
'Regen','Bayern',2,52
'Zwiesel','Bayern',2,52
'Roth','Bayern',2,
'Rothenburg ob der Tauber','Bayern',2,
'Schongau','Bayern',2,53
'Peiting','Bayern',2,53
'Schrobenhausen','Bayern',2,
'Schwabmünchen','Bayern',2,
'Schwandorf','Bayern',2,
'Selb','Bayern',2,
'Simbach am Inn','Bayern',2,54
'Braunau am Inn','Bayern',2,54
'Sonthofen','Bayern',2,55
'Immenstadt im Allgäu','Bayern',2,55
'Starnberg','Bayern',2,
'Sulzbach-Rosenberg','Bayern',2,
'Tegernsee','Bayern',2,56
'Rottach-Egern','Bayern',2,56
'Bad Wiessee','Bayern',2,56
'Gmund am Tegernsee','Bayern',2,56
'Tirschenreuth','Bayern',2,
'Traunreut','Bayern',2,57
'Trostberg','Bayern',2,57
'Viechtach','Bayern',2,
'Vilsbiburg','Bayern',2,
'Vilshofen an der Donau','Bayern',2,
'Waldkraiburg','Bayern',2,
'Waldsassen','Bayern',2,58
'Cheb','Bayern',2,58
'Wasserburg am Inn','Bayern',2,
'Weilheim in Oberbayern','Bayern',2,
'Weißenburg in Bayern','Bayern',2,
'Wolfratshausen','Bayern',2,59
'Geretsried','Bayern',2,59
Freiburg im Breisgau','Baden-Württemberg',1,
Friedrichshafen','Baden-Württemberg',1,60
Ravensburg','Baden-Württemberg',1,60
Weingarten','Baden-Württemberg',1,60
Heidelberg','Baden-Württemberg',1,
Heilbronn','Baden-Württemberg',1,
Karlsruhe','Baden-Württemberg',1,
Konstanz','Baden-Württemberg',1,
Lörrach','Baden-Württemberg',1,61
Weil am Rhein','Baden-Württemberg',1,61
Mannheim','Baden-Württemberg',1,62
Ludwigshafen am Rhein','Baden-Württemberg',1,62
Offenburg','Baden-Württemberg',1,
Pforzheim','Baden-Württemberg',1,
Reutlingen','Baden-Württemberg',1,63
Tübingen','Baden-Württemberg',1,63
Stuttgart','Baden-Württemberg',1,
Ulm','Baden-Württemberg',1,64
Neu-Ulm','Baden-Württemberg',1,64
Villingen-Schwenningen','Baden-Württemberg',1,
Baden-Baden','Baden-Württemberg',3,
Aalen','Baden-Württemberg',2,
Achern','Baden-Württemberg',2,
Albstadt','Baden-Württemberg',2,
Backnang','Baden-Württemberg',2,
Bad Krozingen','Baden-Württemberg',2,65
Staufen im Breisgau','Baden-Württemberg',2,65
Bad Mergentheim','Baden-Württemberg',2,
Bad Säckingen','Baden-Württemberg',2,
Bad Saulgau','Baden-Württemberg',2,
Bad Waldsee','Baden-Württemberg',2,
Bad Wildbad','Baden-Württemberg',2,
Balingen','Baden-Württemberg',2,
Biberach an der Riß','Baden-Württemberg',2,
Bietigheim-Bissingen','Baden-Württemberg',2,66
Besigheim','Baden-Württemberg',2,66
Blaubeuren','Baden-Württemberg',2,67
Laichingen','Baden-Württemberg',2,67
Böblingen','Baden-Württemberg',2,68
Sindelfingen','Baden-Württemberg',2,68
Breisach am Rhein','Baden-Württemberg',2,
Bretten','Baden-Württemberg',2,
Bruchsal','Baden-Württemberg',2,
Buchen (Odenwald)','Baden-Württemberg',2,
Bühl','Baden-Württemberg',2,
Calw','Baden-Württemberg',2,
Crailsheim','Baden-Württemberg',2,
Donaueschingen','Baden-Württemberg',2,
Eberbach','Baden-Württemberg',2,
Ehingen (Donau)','Baden-Württemberg',2,
Ellwangen (Jagst)','Baden-Württemberg',2,
Emmendingen','Baden-Württemberg',2,
Esslingen am Neckar','Baden-Württemberg',2,
Ettlingen','Baden-Württemberg',2,
Freudenstadt','Baden-Württemberg',2,
Gaggenau','Baden-Württemberg',2,69
Gernsbach','Baden-Württemberg',2,69
Geislingen an der Steige','Baden-Württemberg',2,
Göppingen','Baden-Württemberg',2,
Haslach','Baden-Württemberg',2,70
Hausach','Baden-Württemberg',2,70
Wolfach','Baden-Württemberg',2,70
Hechingen','Baden-Württemberg',2,
Heidenheim an der Brenz','Baden-Württemberg',2,
Herrenberg','Baden-Württemberg',2,
Horb am Neckar','Baden-Württemberg',2,
Kehl','Baden-Württemberg',2,
Kirchheim unter Teck','Baden-Württemberg',2,
Künzelsau','Baden-Württemberg',2,
Lahr/Schwarzwald','Baden-Württemberg',2,
Laupheim','Baden-Württemberg',2,
Leonberg','Baden-Württemberg',2,
Leutkirch im Allgäu','Baden-Württemberg',2,
Ludwigsburg','Baden-Württemberg',2,71
Kornwestheim','Baden-Württemberg',2,71
Metzingen','Baden-Württemberg',2,
Mosbach','Baden-Württemberg',2,
Mühlacker','Baden-Württemberg',2,
Müllheim','Baden-Württemberg',2,
Münsingen','Baden-Württemberg',2,
Nagold','Baden-Württemberg',2,
Neckarsulm','Baden-Württemberg',2,
Nürtingen','Baden-Württemberg',2,
Öhringen','Baden-Württemberg',2,
Pfullendorf','Baden-Württemberg',2,
Radolfzell am Bodensee','Baden-Württemberg',2,
Rastatt','Baden-Württemberg',2,
Rheinfelden (Baden)','Baden-Württemberg',2,
Riedlingen','Baden-Württemberg',2,
Rottenburg am Neckar','Baden-Württemberg',2,
Rottweil','Baden-Württemberg',2,
Schopfheim','Baden-Württemberg',2,
Schorndorf','Baden-Württemberg',2,
Schramberg','Baden-Württemberg',2,
Schwäbisch Gmünd','Baden-Württemberg',2,
Schwäbisch Hall','Baden-Württemberg',2,
Schwetzingen','Baden-Württemberg',2,
Sigmaringen','Baden-Württemberg',2,
Singen (Hohentwiel)','Baden-Württemberg',2,
Sinsheim','Baden-Württemberg',2,
Stockach','Baden-Württemberg',2,
Tauberbischofsheim','Baden-Württemberg',2,
Titisee-Neustadt','Baden-Württemberg',2,
Tuttlingen','Baden-Württemberg',2,
Überlingen','Baden-Württemberg',2,
Vaihingen an der Enz','Baden-Württemberg',2,
Waiblingen','Baden-Württemberg',2,72
Fellbach','Baden-Württemberg',2,72
Waldkirch','Baden-Württemberg',2,
Waldshut-Tiengen','Baden-Württemberg',2,
Wangen im Allgäu','Baden-Württemberg',2,
Weinheim','Baden-Württemberg',2,
Wertheim','Baden-Württemberg',2,
Wiesloch','Baden-Württemberg',2,73
Walldorf','Baden-Württemberg',2,73
